card_id,pan,pan_masked,cardholder_name,expiry_date,cvv,track2,card_network,issuing_bin,created_at
CARD000001,371449543303655,371449*****3655,Sarah Lopez,02/29,8685,371449543303655=290220101429401,AMEX,371449,2024-12-04
CARD000002,378282556981692,378282*****1692,Robert Singh,05/28,6088,378282556981692=280520135615951,AMEX,378282,2024-07-30
CARD000003,5105108465648230,510510******8230,Priya Nakamura,11/30,299,5105108465648230=301120146804436,MASTERCARD,510510,2024-05-24
CARD000004,3530119577738728,353011******8728,Lucas Nakamura,05/27,951,3530119577738728=270520134332003,JCB,353011,2025-04-07
CARD000005,3530111769367630,353011******7630,James Andersson,11/28,163,3530111769367630=281120128708317,JCB,353011,2026-03-23
CARD000006,371449889579868,371449*****9868,Noah Anderson,03/30,4348,371449889579868=300320173471434,AMEX,371449,2025-08-28
CARD000007,2223008122362312,222300******2312,Amara Moore,07/30,760,2223008122362312=300720136690967,MASTERCARD,222300,2026-07-31
CARD000008,2223004668893737,222300******3737,Emma Smith,07/29,656,2223004668893737=290720127298069,MASTERCARD,222300,2025-01-06
CARD000009,30569301627202,305693****7202,Chidi Miller,07/29,755,30569301627202=290720164641708,DINERS,305693,2026-06-14
CARD000010,2223003100330928,222300******0928,Noah Nakamura,03/28,193,2223003100330928=280320174529912,MASTERCARD,222300,2025-09-22
CARD000011,4242429049663199,424242******3199,Karen Muller,02/28,919,4242429049663199=280220105865185,VISA,424242,2026-07-25
CARD000012,378282716572621,378282*****2621,Ethan Dubois,10/29,7769,378282716572621=291020145314737,AMEX,378282,2024-12-31
CARD000013,3530116507527353,353011******7353,Sarah Andersson,06/29,948,3530116507527353=290620108313678,JCB,353011,2024-06-21
CARD000014,5555557770143631,555555******3631,Camila Lopez,11/29,788,5555557770143631=291120156855744,MASTERCARD,555555,2025-11-22
CARD000015,5555551351823372,555555******3372,Camila Dubois,12/29,894,5555551351823372=291220113435240,MASTERCARD,555555,2024-08-11
CARD000016,6011112400842719,601111******2719,Charles Thomas,10/27,775,6011112400842719=271020120471167,DISCOVER,601111,2026-05-23
CARD000017,3530110229413182,353011******3182,Hiroshi Rossi,10/30,938,3530110229413182=301020167749649,JCB,353011,2024-11-09
CARD000018,4000009133412323,400000******2323,James Wilson,03/27,797,4000009133412323=270320140344713,VISA,400000,2025-11-09
CARD000019,30569393618325,305693****8325,John Johnson,03/29,249,30569393618325=290320194717464,DINERS,305693,2025-03-12
CARD000020,6011117719065944,601111******5944,Joseph Nakamura,02/27,990,6011117719065944=270220149027874,DISCOVER,601111,2026-02-02
CARD000021,3530116717565516,353011******5516,Fatima Singh,06/28,746,3530116717565516=280620180715451,JCB,353011,2024-06-06
CARD000022,378282808760381,378282*****0381,Emma Okafor,10/29,7034,378282808760381=291020182477109,AMEX,378282,2024-05-10
CARD000023,5555552480861317,555555******1317,Elizabeth Thomas,02/30,484,5555552480861317=300220167737826,MASTERCARD,555555,2026-01-23
CARD000024,3530118214658406,353011******8406,Karen Santos,12/29,997,3530118214658406=291220127875588,JCB,353011,2025-07-16
CARD000025,371449533963609,371449*****3609,Noah Singh,12/29,6627,371449533963609=291220102895171,AMEX,371449,2025-02-14
CARD000026,371449026217455,371449*****7455,Jennifer Muller,11/30,5865,371449026217455=301120178091343,AMEX,371449,2024-07-03
CARD000027,4242426117240058,424242******0058,Wei Lopez,05/27,623,4242426117240058=270520186922219,VISA,424242,2025-07-11
CARD000028,3530113792374740,353011******4740,Charles Nakamura,08/27,821,3530113792374740=270820175946474,JCB,353011,2026-01-15
CARD000029,378282713695946,378282*****5946,Arjun Rodriguez,01/29,0909,378282713695946=290120174395339,AMEX,378282,2025-11-23
CARD000030,30569321047092,305693****7092,William Williams,12/29,456,30569321047092=291220123285884,DINERS,305693,2024-04-08
CARD000031,4111114745171238,411111******1238,Yuki Williams,09/30,604,4111114745171238=300920181754965,VISA,411111,2026-04-18
CARD000032,30569337098592,305693****8592,John Okafor,11/28,746,30569337098592=281120112004711,DINERS,305693,2025-12-09
CARD000033,6011112675869264,601111******9264,Sakura Wilson,08/27,405,6011112675869264=270820137735158,DISCOVER,601111,2024-10-15
CARD000034,2223000643171397,222300******1397,Amara Davis,01/27,293,2223000643171397=270120118393352,MASTERCARD,222300,2024-05-21
CARD000035,3530110422842104,353011******2104,Wei Rossi,01/28,395,3530110422842104=280120102402681,JCB,353011,2024-07-04
CARD000036,4242427758917830,424242******7830,Sofia Martinez,12/27,700,4242427758917830=271220176617711,VISA,424242,2025-09-11
CARD000037,3530112124998564,353011******8564,Lucas Martin,08/29,611,3530112124998564=290820183673657,JCB,353011,2025-06-24
CARD000038,378282156545277,378282*****5277,Jennifer Williams,02/27,6152,378282156545277=270220180988516,AMEX,378282,2025-08-09
CARD000039,30569360494510,305693****4510,Noah Davis,03/28,158,30569360494510=280320151493689,DINERS,305693,2024-11-16
CARD000040,30569380940245,305693****0245,Wei Smith,06/29,229,30569380940245=290620161201836,DINERS,305693,2025-06-03
CARD000041,371449525459913,371449*****9913,David Dubois,03/27,9014,371449525459913=270320176797643,AMEX,371449,2024-06-24
CARD000042,6011111561497842,601111******7842,Arjun Martin,04/27,003,6011111561497842=270420143244510,DISCOVER,601111,2025-03-15
CARD000043,378282226838850,378282*****8850,Robert Wilson,07/27,0715,378282226838850=270720196966416,AMEX,378282,2026-07-16
CARD000044,2223002975161368,222300******1368,Jennifer Gonzalez,09/30,453,2223002975161368=300920152181883,MASTERCARD,222300,2024-06-03
CARD000045,2223005231243292,222300******3292,John Garcia,11/28,779,2223005231243292=281120197995527,MASTERCARD,222300,2026-05-29
CARD000046,371449744905811,371449*****5811,Liam Johnson,08/29,0541,371449744905811=290820119986798,AMEX,371449,2024-05-18
CARD000047,4000007935978202,400000******8202,Amara Singh,02/30,182,4000007935978202=300220103778892,VISA,400000,2025-07-30
CARD000048,2223004665905153,222300******5153,Priya Martinez,09/27,492,2223004665905153=270920151925462,MASTERCARD,222300,2024-12-05
CARD000049,4242424865281689,424242******1689,Yuki Martinez,01/29,235,4242424865281689=290120173322141,VISA,424242,2025-03-05
CARD000050,6011118059296222,601111******6222,Sakura Rossi,12/28,270,6011118059296222=281220165379473,DISCOVER,601111,2025-02-06
CARD000051,5555554735977468,555555******7468,Richard Rossi,03/30,924,5555554735977468=300320107581814,MASTERCARD,555555,2026-05-13
CARD000052,4111114782613753,411111******3753,Patricia Gonzalez,07/27,853,4111114782613753=270720161530515,VISA,411111,2024-05-18
CARD000053,4111112047277901,411111******7901,Thomas Miller,01/27,289,4111112047277901=270120186143410,VISA,411111,2025-12-05
CARD000054,378282971179807,378282*****9807,Elizabeth Martinez,12/28,6095,378282971179807=281220139621851,AMEX,378282,2025-02-14
CARD000055,6011118880670652,601111******0652,Mary Lopez,12/29,153,6011118880670652=291220119520585,DISCOVER,601111,2024-04-25
CARD000056,30569327722177,305693****2177,Richard Johnson,05/27,305,30569327722177=270520148687403,DINERS,305693,2025-10-18
CARD000057,2223000541566763,222300******6763,Emma Singh,03/29,758,2223000541566763=290320141616928,MASTERCARD,222300,2025-10-10
CARD000058,2223001154479625,222300******9625,Liam Johnson,06/30,596,2223001154479625=300620140165820,MASTERCARD,222300,2026-03-13
CARD000059,3530117021355693,353011******5693,Elizabeth Nakamura,10/27,755,3530117021355693=271020171928565,JCB,353011,2024-10-10
CARD000060,5105103102786816,510510******6816,Liam Miller,05/29,947,5105103102786816=290520131217271,MASTERCARD,510510,2024-04-29
CARD000061,30569355188440,305693****8440,Barbara Rossi,12/28,583,30569355188440=281220113237058,DINERS,305693,2024-12-28
CARD000062,2223007829114679,222300******4679,Mateus Williams,07/30,251,2223007829114679=300720177852892,MASTERCARD,222300,2024-06-11
CARD000063,4111116801824220,411111******4220,Joseph Lopez,12/29,841,4111116801824220=291220143842498,VISA,411111,2026-05-03
CARD000064,6011112992299591,601111******9591,Jennifer Johnson,01/27,943,6011112992299591=270120196907844,DISCOVER,601111,2025-03-30
CARD000065,5555556471027671,555555******7671,Amara Martin,04/30,255,5555556471027671=300420156258815,MASTERCARD,555555,2025-12-02
CARD000066,371449147321046,371449*****1046,Fatima Davis,10/30,2595,371449147321046=301020132787747,AMEX,371449,2026-07-14
CARD000067,4242426873395005,424242******5005,Hiroshi Andersson,08/29,748,4242426873395005=290820101624565,VISA,424242,2026-06-21
CARD000068,378282098358417,378282*****8417,Liam Dubois,09/30,8499,378282098358417=300920112165585,AMEX,378282,2024-06-24
CARD000069,4111113986800026,411111******0026,Sofia Anderson,08/29,298,4111113986800026=290820125952694,VISA,411111,2024-12-07
CARD000070,2223008887947059,222300******7059,Linda Wilson,11/29,940,2223008887947059=291120197499309,MASTERCARD,222300,2025-04-02
CARD000071,4111118962309132,411111******9132,Chidi Wilson,08/27,263,4111118962309132=270820168970283,VISA,411111,2025-01-09
CARD000072,2223007865278586,222300******8586,Thomas Martin,11/29,733,2223007865278586=291120148434437,MASTERCARD,222300,2025-09-16
CARD000073,371449584419865,371449*****9865,Elizabeth Martinez,06/30,0415,371449584419865=300620174733848,AMEX,371449,2024-08-24
CARD000074,5105102199330835,510510******0835,Michael Wilson,01/28,571,5105102199330835=280120120826773,MASTERCARD,510510,2024-06-23
CARD000075,5105105401938022,510510******8022,Robert Santos,03/30,672,5105105401938022=300320140049915,MASTERCARD,510510,2025-10-19
CARD000076,371449887287431,371449*****7431,David Kowalski,06/27,7420,371449887287431=270620154932966,AMEX,371449,2025-02-25
CARD000077,2223001612275300,222300******5300,Jessica Anderson,07/29,454,2223001612275300=290720199045301,MASTERCARD,222300,2025-04-17
CARD000078,5105102684145938,510510******5938,Noah Jones,03/28,795,5105102684145938=280320168783391,MASTERCARD,510510,2025-02-14
CARD000079,371449851910885,371449*****0885,Ethan Jones,10/28,2587,371449851910885=281020113971870,AMEX,371449,2025-04-29
CARD000080,4111118679087401,411111******7401,James Kowalski,05/30,391,4111118679087401=300520106518017,VISA,411111,2026-07-05
CARD000081,5105106226567665,510510******7665,Ethan Jones,11/27,512,5105106226567665=271120186823004,MASTERCARD,510510,2025-04-19
CARD000082,30569386863375,305693****3375,Sarah Miller,03/29,106,30569386863375=290320190331190,DINERS,305693,2025-05-06
CARD000083,3530110306738303,353011******8303,Charles Davis,09/28,959,3530110306738303=280920195342836,JCB,353011,2025-10-03
CARD000084,5105100892687055,510510******7055,Chidi Singh,09/30,662,5105100892687055=300920146287334,MASTERCARD,510510,2024-08-12
CARD000085,4111117086688264,411111******8264,Susan Hernandez,05/28,175,4111117086688264=280520118304699,VISA,411111,2026-06-27
CARD000086,4242423983735402,424242******5402,Linda Kowalski,04/28,739,4242423983735402=280420136385467,VISA,424242,2025-02-06
CARD000087,30569354458778,305693****8778,Noah Dubois,12/27,535,30569354458778=271220156093204,DINERS,305693,2025-01-17
CARD000088,3530119642353693,353011******3693,Ava Okafor,08/28,547,3530119642353693=280820177252287,JCB,353011,2026-01-30
CARD000089,6011110801006231,601111******6231,Elizabeth Smith,12/27,387,6011110801006231=271220150997700,DISCOVER,601111,2025-02-08
CARD000090,6011116008484089,601111******4089,Michael Kim,03/30,182,6011116008484089=300320133984546,DISCOVER,601111,2026-05-18
CARD000091,2223006793341011,222300******1011,Priya Moore,07/30,700,2223006793341011=300720121765918,MASTERCARD,222300,2026-06-24
CARD000092,5555553974014892,555555******4892,Chidi Smith,03/27,392,5555553974014892=270320161429396,MASTERCARD,555555,2024-09-12
CARD000093,6011115621850163,601111******0163,Amara Martin,02/28,996,6011115621850163=280220150477358,DISCOVER,601111,2025-07-18
CARD000094,378282296194317,378282*****4317,Elizabeth Gonzalez,05/27,2655,378282296194317=270520111047541,AMEX,378282,2026-03-24
CARD000095,4242422678886108,424242******6108,Ava Williams,06/27,995,4242422678886108=270620160466183,VISA,424242,2024-12-29
CARD000096,6011112622444724,601111******4724,Omar Rodriguez,03/27,647,6011112622444724=270320115437993,DISCOVER,601111,2025-04-25
CARD000097,4242422406596573,424242******6573,Hiroshi Jones,07/29,459,4242422406596573=290720137526547,VISA,424242,2024-12-25
CARD000098,5555555646519398,555555******9398,Ava Smith,11/28,737,5555555646519398=281120141672434,MASTERCARD,555555,2024-10-01
CARD000099,4111116617979689,411111******9689,Robert Rossi,09/30,589,4111116617979689=300920111352909,VISA,411111,2024-10-15
CARD000100,30569365610144,305693****0144,Sofia Moore,09/28,993,30569365610144=280920175679825,DINERS,305693,2026-07-12
CARD000101,371449146112545,371449*****2545,Susan Taylor,08/29,7571,371449146112545=290820177514010,AMEX,371449,2024-03-20
CARD000102,2223001238282581,222300******2581,Joseph Rossi,08/30,622,2223001238282581=300820166093796,MASTERCARD,222300,2025-07-04
CARD000103,4000003341918254,400000******8254,Olivia Brown,04/29,478,4000003341918254=290420159696915,VISA,400000,2025-08-11
CARD000104,371449924991250,371449*****1250,Karen Brown,04/27,2528,371449924991250=270420166929662,AMEX,371449,2025-03-26
CARD000105,30569382827424,305693****7424,Liam Martin,06/28,050,30569382827424=280620172368876,DINERS,305693,2024-09-04
CARD000106,371449677219032,371449*****9032,Sarah Davis,01/29,8427,371449677219032=290120197881914,AMEX,371449,2024-06-04
CARD000107,6011115807836135,601111******6135,Liam Rodriguez,01/29,517,6011115807836135=290120113395962,DISCOVER,601111,2024-11-14
CARD000108,4111113309584984,411111******4984,Charles Martinez,06/28,948,4111113309584984=280620112604223,VISA,411111,2026-03-10
CARD000109,2223003672946671,222300******6671,Jennifer Gonzalez,11/27,845,2223003672946671=271120177590175,MASTERCARD,222300,2024-03-19
CARD000110,4242428636374541,424242******4541,Mateus Jones,09/29,975,4242428636374541=290920100170127,VISA,424242,2025-04-26
CARD000111,4000006324241545,400000******1545,David Johnson,06/27,643,4000006324241545=270620161103712,VISA,400000,2024-12-07
CARD000112,5555558700516276,555555******6276,Priya Williams,04/27,115,5555558700516276=270420154262218,MASTERCARD,555555,2025-01-07
CARD000113,4000009275326976,400000******6976,Michael Jones,02/28,196,4000009275326976=280220156523413,VISA,400000,2025-01-17
CARD000114,3530119940438980,353011******8980,Arjun Martinez,12/28,037,3530119940438980=281220161379180,JCB,353011,2025-08-02
CARD000115,2223002696582710,222300******2710,John Smith,10/27,430,2223002696582710=271020106848666,MASTERCARD,222300,2026-05-14
CARD000116,30569388924142,305693****4142,Susan Rossi,09/27,285,30569388924142=270920169146303,DINERS,305693,2026-05-10
CARD000117,378282179904212,378282*****4212,William Singh,12/27,0275,378282179904212=271220188425241,AMEX,378282,2024-06-08
CARD000118,4000005648149178,400000******9178,Yuki Johnson,09/30,792,4000005648149178=300920152419138,VISA,400000,2026-08-04
CARD000119,4000000307562209,400000******2209,Chidi Davis,04/30,654,4000000307562209=300420119518023,VISA,400000,2024-05-05
CARD000120,6011110617445185,601111******5185,Yuki Miller,01/30,494,6011110617445185=300120193759738,DISCOVER,601111,2024-06-19
CARD000121,5555552060385059,555555******5059,Priya Muller,11/27,413,5555552060385059=271120183670241,MASTERCARD,555555,2026-06-23
CARD000122,5555558657191826,555555******1826,Camila Jackson,02/30,062,5555558657191826=300220134456557,MASTERCARD,555555,2025-11-01
CARD000123,5555551329121271,555555******1271,Fatima Brown,06/30,853,5555551329121271=300620174741124,MASTERCARD,555555,2024-04-12
CARD000124,3530110352135685,353011******5685,Karen Rodriguez,11/27,206,3530110352135685=271120178831712,JCB,353011,2026-04-04
CARD000125,4000000323651994,400000******1994,Mary Williams,02/29,372,4000000323651994=290220115107029,VISA,400000,2025-05-20
CARD000126,378282706625322,378282*****5322,Liam Andersson,05/29,2099,378282706625322=290520193476870,AMEX,378282,2026-05-09
CARD000127,5105106263838060,510510******8060,Ethan Rossi,08/29,759,5105106263838060=290820185642059,MASTERCARD,510510,2025-12-25
CARD000128,4000004078593211,400000******3211,Jessica Rodriguez,11/28,803,4000004078593211=281120196522395,VISA,400000,2024-05-03
CARD000129,2223009059929370,222300******9370,Emma Johnson,03/29,103,2223009059929370=290320193087059,MASTERCARD,222300,2026-01-12
CARD000130,4111115250029216,411111******9216,Yuki Singh,02/29,691,4111115250029216=290220154522675,VISA,411111,2026-02-09
CARD000131,6011119539264426,601111******4426,James Singh,12/28,969,6011119539264426=281220102959391,DISCOVER,601111,2025-03-16
CARD000132,4111115135521577,411111******1577,Susan Davis,05/27,154,4111115135521577=270520110067626,VISA,411111,2025-03-20
CARD000133,378282586179325,378282*****9325,Robert Martinez,02/30,0541,378282586179325=300220115262181,AMEX,378282,2025-08-25
CARD000134,3530119706296200,353011******6200,Susan Miller,06/27,688,3530119706296200=270620144431069,JCB,353011,2025-01-21
CARD000135,371449205061492,371449*****1492,Michael Smith,04/30,3241,371449205061492=300420171467741,AMEX,371449,2024-10-18
CARD000136,6011116256527043,601111******7043,Thomas Davis,08/30,490,6011116256527043=300820121158693,DISCOVER,601111,2025-01-17
CARD000137,4000006868793745,400000******3745,Robert Taylor,07/27,989,4000006868793745=270720192172233,VISA,400000,2026-03-30
CARD000138,4000006163294514,400000******4514,Ava Gonzalez,07/27,854,4000006163294514=270720187099861,VISA,400000,2025-06-08
CARD000139,4111112999119143,411111******9143,Thomas Gonzalez,07/29,799,4111112999119143=290720170246299,VISA,411111,2024-09-08
CARD000140,378282065307454,378282*****7454,Karen Martinez,06/27,4713,378282065307454=270620124754691,AMEX,378282,2026-01-26
CARD000141,371449367850823,371449*****0823,Lucas Gonzalez,05/27,2890,371449367850823=270520123303070,AMEX,371449,2025-08-02
CARD000142,5555554578610358,555555******0358,Liam Garcia,10/30,798,5555554578610358=301020155241406,MASTERCARD,555555,2026-06-17
CARD000143,4111119333346803,411111******6803,William Okafor,08/27,290,4111119333346803=270820134944665,VISA,411111,2025-04-23
CARD000144,5105103748969107,510510******9107,Hiroshi Martin,09/29,441,5105103748969107=290920171545444,MASTERCARD,510510,2026-01-26
CARD000145,4111118309652079,411111******2079,Fatima Gonzalez,05/29,609,4111118309652079=290520193538758,VISA,411111,2025-10-03
CARD000146,4111118241724820,411111******4820,Jennifer Davis,11/29,534,4111118241724820=291120165549471,VISA,411111,2025-04-12
CARD000147,4000009991738165,400000******8165,Patricia Muller,07/29,223,4000009991738165=290720156972521,VISA,400000,2025-03-25
CARD000148,2223002500743292,222300******3292,Jennifer Jones,08/28,966,2223002500743292=280820166760083,MASTERCARD,222300,2024-07-19
CARD000149,2223000583003352,222300******3352,Michael Gonzalez,03/29,894,2223000583003352=290320121044789,MASTERCARD,222300,2025-02-16
CARD000150,2223006257532600,222300******2600,William Miller,04/28,098,2223006257532600=280420121506489,MASTERCARD,222300,2026-06-18
CARD000151,3530110100167618,353011******7618,Elizabeth Miller,08/29,046,3530110100167618=290820118499261,JCB,353011,2025-03-01
CARD000152,3530111411739343,353011******9343,Fatima Martinez,06/28,208,3530111411739343=280620173753001,JCB,353011,2026-04-15
CARD000153,3530117218114374,353011******4374,Olivia Johnson,05/29,120,3530117218114374=290520145561100,JCB,353011,2026-03-18
CARD000154,30569325579413,305693****9413,Barbara Brown,06/29,667,30569325579413=290620146762120,DINERS,305693,2024-03-25
CARD000155,4111111697972969,411111******2969,Mary Muller,10/29,277,4111111697972969=291020116701450,VISA,411111,2024-08-15
CARD000156,30569389935881,305693****5881,Jessica Thomas,07/27,562,30569389935881=270720189002877,DINERS,305693,2026-02-18
CARD000157,4242427535408384,424242******8384,Jessica Williams,07/30,779,4242427535408384=300720171775170,VISA,424242,2026-04-23
CARD000158,378282608801997,378282*****1997,Ava Miller,09/29,7550,378282608801997=290920137589975,AMEX,378282,2024-08-03
CARD000159,371449113055487,371449*****5487,Michael Johnson,12/29,2726,371449113055487=291220114933163,AMEX,371449,2025-04-25
CARD000160,5555555160917796,555555******7796,James Taylor,08/28,086,5555555160917796=280820197829221,MASTERCARD,555555,2025-07-06
CARD000161,30569399586690,305693****6690,Arjun Hernandez,05/28,472,30569399586690=280520126984858,DINERS,305693,2024-10-28
CARD000162,5555553394522888,555555******2888,Linda Dubois,12/29,587,5555553394522888=291220199684608,MASTERCARD,555555,2026-04-19
CARD000163,4000006200342441,400000******2441,Charles Miller,01/28,805,4000006200342441=280120171983863,VISA,400000,2025-03-01
CARD000164,5105100666580049,510510******0049,Liam Santos,10/28,359,5105100666580049=281020189334721,MASTERCARD,510510,2026-01-27
CARD000165,4111118160648422,411111******8422,Thomas Smith,10/28,572,4111118160648422=281020102590947,VISA,411111,2024-05-20
CARD000166,3530118515832817,353011******2817,Ethan Moore,07/28,615,3530118515832817=280720133555439,JCB,353011,2025-02-09
CARD000167,371449801573999,371449*****3999,Chidi Gonzalez,01/28,1648,371449801573999=280120140858877,AMEX,371449,2026-06-23
CARD000168,5105103581128803,510510******8803,Susan Muller,04/27,613,5105103581128803=270420186120750,MASTERCARD,510510,2026-05-09
CARD000169,4242420248193468,424242******3468,Arjun Wilson,08/30,506,4242420248193468=300820118091901,VISA,424242,2025-08-05
CARD000170,6011111449147668,601111******7668,David Moore,08/27,326,6011111449147668=270820184245088,DISCOVER,601111,2026-03-15
CARD000171,4242420099688145,424242******8145,Wei Miller,12/28,682,4242420099688145=281220122394312,VISA,424242,2024-09-18
CARD000172,3530110878141415,353011******1415,Camila Thomas,12/28,552,3530110878141415=281220131491357,JCB,353011,2025-05-02
CARD000173,2223009492995566,222300******5566,Chidi Davis,01/28,364,2223009492995566=280120152577754,MASTERCARD,222300,2025-03-26
CARD000174,6011111291428349,601111******8349,John Andersson,12/27,080,6011111291428349=271220199693084,DISCOVER,601111,2025-01-27
CARD000175,6011117256394277,601111******4277,Yuki Taylor,07/27,039,6011117256394277=270720128272299,DISCOVER,601111,2024-09-30
CARD000176,4111117503731457,411111******1457,Susan Taylor,01/28,567,4111117503731457=280120170051844,VISA,411111,2024-12-22
CARD000177,6011119266591843,601111******1843,Sofia Gonzalez,04/30,557,6011119266591843=300420179082723,DISCOVER,601111,2026-05-20
CARD000178,6011114322259139,601111******9139,Linda Thomas,06/30,773,6011114322259139=300620192603029,DISCOVER,601111,2024-12-08
CARD000179,4111112809202428,411111******2428,Mateus Okafor,10/30,041,4111112809202428=301020137977236,VISA,411111,2024-11-29
CARD000180,4111119298425790,411111******5790,Priya Gonzalez,04/27,210,4111119298425790=270420138862912,VISA,411111,2025-04-06
CARD000181,3530119088117297,353011******7297,Omar Taylor,11/27,650,3530119088117297=271120186376599,JCB,353011,2026-04-28
CARD000182,378282247314980,378282*****4980,Richard Smith,05/30,0981,378282247314980=300520180635651,AMEX,378282,2026-03-01
CARD000183,378282944869591,378282*****9591,Arjun Dubois,11/29,3688,378282944869591=291120172588744,AMEX,378282,2024-12-23
CARD000184,2223006213721388,222300******1388,Ava Martin,06/30,026,2223006213721388=300620101279611,MASTERCARD,222300,2025-11-10
CARD000185,5555555190669847,555555******9847,Emma Anderson,03/27,038,5555555190669847=270320143098839,MASTERCARD,555555,2026-02-14
CARD000186,30569305302141,305693****2141,Arjun Gonzalez,06/30,938,30569305302141=300620101184895,DINERS,305693,2025-08-16
CARD000187,5105103937690423,510510******0423,Michael Moore,09/30,184,5105103937690423=300920151848947,MASTERCARD,510510,2025-07-16
CARD000188,3530117357790711,353011******0711,Priya Okafor,02/29,335,3530117357790711=290220165880434,JCB,353011,2026-05-03
CARD000189,378282518275530,378282*****5530,Richard Thomas,03/29,3334,378282518275530=290320133339521,AMEX,378282,2026-04-06
CARD000190,4242427908075950,424242******5950,Sarah Thomas,10/30,284,4242427908075950=301020163920867,VISA,424242,2025-01-30
CARD000191,4000008562718754,400000******8754,Susan Gonzalez,01/27,915,4000008562718754=270120159428434,VISA,400000,2025-04-11
CARD000192,3530115527636558,353011******6558,Liam Garcia,05/30,929,3530115527636558=300520131438663,JCB,353011,2026-03-10
CARD000193,4111117026728857,411111******8857,Thomas Moore,05/30,906,4111117026728857=300520112034717,VISA,411111,2024-07-05
CARD000194,2223004558845060,222300******5060,Hiroshi Miller,06/27,998,2223004558845060=270620124558771,MASTERCARD,222300,2025-07-12
CARD000195,3530114722569961,353011******9961,David Hernandez,02/27,355,3530114722569961=270220144964759,JCB,353011,2025-02-19
CARD000196,371449622023414,371449*****3414,Arjun Brown,03/28,1178,371449622023414=280320100681149,AMEX,371449,2026-02-28
CARD000197,4242426433472286,424242******2286,Robert Nakamura,01/28,557,4242426433472286=280120178487282,VISA,424242,2024-12-09
CARD000198,3530117968845789,353011******5789,Liam Martinez,02/28,564,3530117968845789=280220124008254,JCB,353011,2025-04-13
CARD000199,6011110774064936,601111******4936,Yuki Miller,09/27,686,6011110774064936=270920163266341,DISCOVER,601111,2025-05-31
CARD000200,30569338944844,305693****4844,John Garcia,04/30,241,30569338944844=300420179749735,DINERS,305693,2026-07-18
CARD000201,4111110802144274,411111******4274,Jennifer Jones,04/27,073,4111110802144274=270420156475705,VISA,411111,2026-05-16
CARD000202,4111110461872348,411111******2348,Linda Dubois,01/30,367,4111110461872348=300120130371837,VISA,411111,2025-07-04
CARD000203,30569345208811,305693****8811,Karen Miller,08/29,503,30569345208811=290820113650249,DINERS,305693,2026-04-06
CARD000204,378282300979257,378282*****9257,David Thomas,04/27,1950,378282300979257=270420105281273,AMEX,378282,2025-09-16
CARD000205,6011115730652401,601111******2401,Liam Moore,12/30,487,6011115730652401=301220139285574,DISCOVER,601111,2024-04-07
CARD000206,3530118218274481,353011******4481,James Dubois,08/29,862,3530118218274481=290820109593518,JCB,353011,2024-04-20
CARD000207,378282387829458,378282*****9458,Chidi Brown,11/30,1810,378282387829458=301120122031731,AMEX,378282,2026-07-05
CARD000208,3530116789940530,353011******0530,Susan Okafor,01/27,717,3530116789940530=270120105865094,JCB,353011,2025-02-11
CARD000209,4000001413811381,400000******1381,Richard Taylor,04/30,392,4000001413811381=300420188619576,VISA,400000,2026-04-22
CARD000210,4111112868528978,411111******8978,Ava Hernandez,06/29,566,4111112868528978=290620159398368,VISA,411111,2024-07-05
CARD000211,5105105776004905,510510******4905,James Martinez,05/28,335,5105105776004905=280520104888992,MASTERCARD,510510,2026-05-02
CARD000212,4000007522459335,400000******9335,Jennifer Jackson,05/29,693,4000007522459335=290520115727919,VISA,400000,2024-10-18
CARD000213,5105100961055663,510510******5663,Hiroshi Kim,04/27,060,5105100961055663=270420148058925,MASTERCARD,510510,2025-03-10
CARD000214,5555552067998136,555555******8136,Arjun Jones,05/30,251,5555552067998136=300520179086416,MASTERCARD,555555,2025-03-11
CARD000215,378282227837695,378282*****7695,Sakura Kowalski,09/28,8331,378282227837695=280920146591166,AMEX,378282,2025-07-28
CARD000216,2223003559042594,222300******2594,Elizabeth Anderson,10/30,033,2223003559042594=301020152110392,MASTERCARD,222300,2024-04-06
CARD000217,5105100514770537,510510******0537,Ethan Taylor,04/28,487,5105100514770537=280420192069804,MASTERCARD,510510,2026-02-13
CARD000218,4000004394070167,400000******0167,Yuki Muller,11/29,104,4000004394070167=291120163681579,VISA,400000,2025-02-08
CARD000219,4242422387800382,424242******0382,Emma Gonzalez,06/29,205,4242422387800382=290620155438404,VISA,424242,2025-07-06
CARD000220,4000008432562168,400000******2168,Jessica Jackson,07/28,264,4000008432562168=280720195782329,VISA,400000,2025-01-29
CARD000221,30569332482627,305693****2627,John Moore,06/28,812,30569332482627=280620152056647,DINERS,305693,2024-07-04
CARD000222,30569342312202,305693****2202,Mateus Martin,10/29,393,30569342312202=291020130517289,DINERS,305693,2025-04-13
CARD000223,30569352677221,305693****7221,Robert Wilson,04/28,046,30569352677221=280420133312797,DINERS,305693,2024-09-01
CARD000224,2223007366096560,222300******6560,Michael Anderson,09/27,703,2223007366096560=270920188608680,MASTERCARD,222300,2026-01-24
CARD000225,5105107644726495,510510******6495,Sofia Andersson,12/27,277,5105107644726495=271220118129826,MASTERCARD,510510,2025-06-09
CARD000226,2223007027937145,222300******7145,David Singh,12/29,111,2223007027937145=291220175186892,MASTERCARD,222300,2025-07-15
CARD000227,6011116025922228,601111******2228,Karen Martinez,07/27,742,6011116025922228=270720112309407,DISCOVER,601111,2025-03-15
CARD000228,371449809733975,371449*****3975,Liam Williams,07/30,9903,371449809733975=300720184983022,AMEX,371449,2026-06-11
CARD000229,30569350209944,305693****9944,Patricia Brown,02/29,622,30569350209944=290220149998279,DINERS,305693,2025-08-03
CARD000230,4000001455616813,400000******6813,William Brown,08/29,458,4000001455616813=290820168339019,VISA,400000,2024-07-20
CARD000231,30569381794690,305693****4690,Sofia Jackson,05/29,952,30569381794690=290520199787729,DINERS,305693,2025-12-11
CARD000232,5105103010713969,510510******3969,Amara Lopez,01/30,830,5105103010713969=300120134414488,MASTERCARD,510510,2025-09-09
CARD000233,4000001556990232,400000******0232,Noah Kim,06/29,702,4000001556990232=290620172785760,VISA,400000,2024-04-03
CARD000234,6011114958803952,601111******3952,Elizabeth Rodriguez,02/29,056,6011114958803952=290220182996291,DISCOVER,601111,2024-05-27
CARD000235,5105105046173571,510510******3571,Sofia Martinez,04/29,215,5105105046173571=290420103178078,MASTERCARD,510510,2026-03-02
CARD000236,5555555784521826,555555******1826,Robert Anderson,12/28,681,5555555784521826=281220104091570,MASTERCARD,555555,2026-04-23
CARD000237,6011114094353342,601111******3342,Chidi Dubois,09/29,714,6011114094353342=290920122410988,DISCOVER,601111,2026-04-24
CARD000238,5555558585424935,555555******4935,Karen Martin,02/28,587,5555558585424935=280220102070160,MASTERCARD,555555,2026-05-10
CARD000239,378282629979541,378282*****9541,Ethan Williams,04/29,7921,378282629979541=290420171747733,AMEX,378282,2026-03-12
CARD000240,3530114562557704,353011******7704,Linda Lopez,08/27,772,3530114562557704=270820145992816,JCB,353011,2024-04-21
CARD000241,4242425814876966,424242******6966,Jessica Moore,10/28,276,4242425814876966=281020115396695,VISA,424242,2025-01-26
CARD000242,5555552197199753,555555******9753,Barbara Martinez,08/27,619,5555552197199753=270820119657013,MASTERCARD,555555,2024-04-22
CARD000243,4111119022784694,411111******4694,Susan Nakamura,04/30,549,4111119022784694=300420146519098,VISA,411111,2025-06-19
CARD000244,4111114058008514,411111******8514,Jessica Wilson,01/29,965,4111114058008514=290120166668327,VISA,411111,2026-03-17
CARD000245,5555558656242208,555555******2208,Mary Jones,11/27,762,5555558656242208=271120112679692,MASTERCARD,555555,2025-04-28
CARD000246,6011116876532696,601111******2696,Emma Muller,10/27,384,6011116876532696=271020168950097,DISCOVER,601111,2024-08-15
CARD000247,2223001971284786,222300******4786,Sakura Williams,09/27,371,2223001971284786=270920189490580,MASTERCARD,222300,2025-04-13
CARD000248,371449879565448,371449*****5448,Hiroshi Kowalski,01/28,4940,371449879565448=280120179290490,AMEX,371449,2025-10-17
CARD000249,371449128144292,371449*****4292,Thomas Smith,05/29,1929,371449128144292=290520127524372,AMEX,371449,2024-05-10
CARD000250,6011110512927667,601111******7667,Liam Kowalski,11/28,239,6011110512927667=281120150410276,DISCOVER,601111,2025-04-06
CARD000251,5105107836674289,510510******4289,Charles Kim,01/30,765,5105107836674289=300120180185694,MASTERCARD,510510,2025-08-28
CARD000252,5105104149673934,510510******3934,Barbara Hernandez,11/29,800,5105104149673934=291120110618175,MASTERCARD,510510,2025-12-25
CARD000253,5105104300910935,510510******0935,Linda Williams,12/27,926,5105104300910935=271220192124471,MASTERCARD,510510,2024-10-21
CARD000254,371449465421402,371449*****1402,Amara Johnson,07/30,4427,371449465421402=300720117396271,AMEX,371449,2026-03-12
CARD000255,6011116391741012,601111******1012,Thomas Dubois,10/27,707,6011116391741012=271020120064256,DISCOVER,601111,2024-12-26
CARD000256,4000008776618303,400000******8303,Noah Brown,12/30,985,4000008776618303=301220154601585,VISA,400000,2026-05-16
CARD000257,371449432806347,371449*****6347,Wei Thomas,02/30,1732,371449432806347=300220103093761,AMEX,371449,2024-05-17
CARD000258,6011114787005050,601111******5050,Linda Miller,07/27,878,6011114787005050=270720129310270,DISCOVER,601111,2025-04-11
CARD000259,3530110320204175,353011******4175,John Santos,10/28,117,3530110320204175=281020199313656,JCB,353011,2025-09-08
CARD000260,4242429825309256,424242******9256,Sarah Jones,02/27,625,4242429825309256=270220182739021,VISA,424242,2024-05-18
CARD000261,30569396207100,305693****7100,Jennifer Singh,03/27,946,30569396207100=270320172324876,DINERS,305693,2025-12-05
CARD000262,4111119092791454,411111******1454,Ava Davis,01/30,318,4111119092791454=300120119588373,VISA,411111,2025-10-27
CARD000263,4000003127722003,400000******2003,Susan Wilson,05/29,459,4000003127722003=290520170108220,VISA,400000,2025-03-28
CARD000264,6011111137995634,601111******5634,Linda Hernandez,04/29,313,6011111137995634=290420163631797,DISCOVER,601111,2026-06-12
CARD000265,378282239726522,378282*****6522,Richard Okafor,12/30,5435,378282239726522=301220120904217,AMEX,378282,2025-04-24
CARD000266,378282253492928,378282*****2928,Fatima Muller,02/28,8739,378282253492928=280220177406335,AMEX,378282,2025-05-19
CARD000267,3530113929060071,353011******0071,Sofia Gonzalez,07/27,717,3530113929060071=270720173180632,JCB,353011,2025-08-04
CARD000268,5105103107427994,510510******7994,Olivia Dubois,08/27,262,5105103107427994=270820157016580,MASTERCARD,510510,2025-10-07
CARD000269,378282498931953,378282*****1953,Yuki Andersson,09/27,0165,378282498931953=270920179055281,AMEX,378282,2025-01-09
CARD000270,5555552538179332,555555******9332,Sarah Taylor,06/29,640,5555552538179332=290620115577881,MASTERCARD,555555,2025-04-12
CARD000271,6011118479513719,601111******3719,Barbara Martinez,07/27,112,6011118479513719=270720141272380,DISCOVER,601111,2025-10-10
CARD000272,378282827567049,378282*****7049,Mary Muller,02/28,3856,378282827567049=280220195579887,AMEX,378282,2025-04-25
CARD000273,5105109242437541,510510******7541,Wei Martinez,03/27,729,5105109242437541=270320128422223,MASTERCARD,510510,2026-04-09
CARD000274,4000005927452384,400000******2384,Chidi Lopez,11/27,257,4000005927452384=271120182841067,VISA,400000,2024-06-11
CARD000275,4111117520885476,411111******5476,Elizabeth Rossi,10/29,975,4111117520885476=291020117028140,VISA,411111,2025-06-21
CARD000276,3530113751509393,353011******9393,Richard Smith,05/28,187,3530113751509393=280520118637599,JCB,353011,2025-03-01
CARD000277,4000005626565049,400000******5049,Karen Anderson,06/29,813,4000005626565049=290620176742662,VISA,400000,2024-04-03
CARD000278,3530119123478514,353011******8514,James Wilson,02/30,462,3530119123478514=300220187923264,JCB,353011,2025-01-16
CARD000279,371449049478738,371449*****8738,Elizabeth Rodriguez,01/27,4714,371449049478738=270120162730147,AMEX,371449,2026-05-30
CARD000280,3530115979647152,353011******7152,David Jackson,05/27,025,3530115979647152=270520172520456,JCB,353011,2024-10-24
CARD000281,2223000448183217,222300******3217,Chidi Muller,09/28,544,2223000448183217=280920151895202,MASTERCARD,222300,2025-02-22
CARD000282,5105105765213285,510510******3285,Ava Martin,04/28,888,5105105765213285=280420116711207,MASTERCARD,510510,2025-08-15
CARD000283,5105105279852404,510510******2404,William Muller,04/27,234,5105105279852404=270420123216110,MASTERCARD,510510,2024-06-04
CARD000284,371449603108903,371449*****8903,Thomas Johnson,02/30,1401,371449603108903=300220119393250,AMEX,371449,2026-05-06
CARD000285,4111114955289381,411111******9381,Camila Dubois,02/27,083,4111114955289381=270220134280138,VISA,411111,2024-08-12
CARD000286,371449592712566,371449*****2566,Lucas Davis,04/30,6151,371449592712566=300420171827548,AMEX,371449,2024-07-28
CARD000287,4000001571647940,400000******7940,Ava Wilson,04/30,463,4000001571647940=300420117520716,VISA,400000,2025-05-15
CARD000288,6011111126691210,601111******1210,Amara Miller,04/29,961,6011111126691210=290420136749946,DISCOVER,601111,2025-08-07
CARD000289,371449967842717,371449*****2717,Emma Thomas,05/27,3201,371449967842717=270520101702695,AMEX,371449,2026-03-03
CARD000290,5105109911877340,510510******7340,Lucas Rodriguez,08/30,858,5105109911877340=300820180061675,MASTERCARD,510510,2025-07-17
CARD000291,371449700284276,371449*****4276,Karen Singh,03/30,6719,371449700284276=300320178897782,AMEX,371449,2025-03-06
CARD000292,4000006479695453,400000******5453,Camila Johnson,01/27,255,4000006479695453=270120190561655,VISA,400000,2025-06-11
CARD000293,2223000333491147,222300******1147,David Smith,06/27,850,2223000333491147=270620176986407,MASTERCARD,222300,2024-12-12
CARD000294,4000005696591719,400000******1719,Emma Taylor,06/28,529,4000005696591719=280620145637183,VISA,400000,2025-10-16
CARD000295,5105100496391914,510510******1914,John Jackson,05/29,876,5105100496391914=290520135148468,MASTERCARD,510510,2025-09-20
CARD000296,5555556649878203,555555******8203,Emma Miller,10/28,748,5555556649878203=281020196908357,MASTERCARD,555555,2026-03-08
CARD000297,5555552466513643,555555******3643,David Rodriguez,11/29,936,5555552466513643=291120131230347,MASTERCARD,555555,2025-03-27
CARD000298,6011116603242049,601111******2049,Ava Garcia,11/29,070,6011116603242049=291120101594165,DISCOVER,601111,2024-09-18
CARD000299,30569316231982,305693****1982,Camila Dubois,09/27,847,30569316231982=270920113915596,DINERS,305693,2024-05-03
CARD000300,5555556321234766,555555******4766,Patricia Thomas,10/29,851,5555556321234766=291020158673425,MASTERCARD,555555,2025-04-07
CARD000301,2223004090034868,222300******4868,Yuki Andersson,11/29,183,2223004090034868=291120176064413,MASTERCARD,222300,2025-10-06
CARD000302,5555552756041776,555555******1776,Omar Andersson,06/30,124,5555552756041776=300620181569857,MASTERCARD,555555,2024-08-25
CARD000303,4000000272063456,400000******3456,David Davis,02/27,829,4000000272063456=270220165772429,VISA,400000,2024-04-12
CARD000304,2223004316526697,222300******6697,Mary Kim,01/28,893,2223004316526697=280120117342069,MASTERCARD,222300,2025-05-24
CARD000305,3530114215291081,353011******1081,Emma Brown,08/30,333,3530114215291081=300820144762639,JCB,353011,2025-12-29
CARD000306,5105103626204437,510510******4437,Yuki Jackson,04/30,710,5105103626204437=300420172563669,MASTERCARD,510510,2025-11-17
CARD000307,4242421800537597,424242******7597,Thomas Taylor,01/27,964,4242421800537597=270120165280924,VISA,424242,2026-02-14
CARD000308,6011117572158620,601111******8620,Chidi Johnson,02/29,274,6011117572158620=290220156449485,DISCOVER,601111,2025-05-17
CARD000309,4111115728703202,411111******3202,Robert Thomas,03/28,427,4111115728703202=280320161707587,VISA,411111,2025-04-25
CARD000310,371449121513428,371449*****3428,Lucas Santos,12/28,4993,371449121513428=281220190892613,AMEX,371449,2024-06-11
CARD000311,371449150416592,371449*****6592,Elizabeth Smith,06/27,1777,371449150416592=270620149050975,AMEX,371449,2024-07-18
CARD000312,3530112304501899,353011******1899,Arjun Rodriguez,02/30,236,3530112304501899=300220110326642,JCB,353011,2026-04-05
CARD000313,5105107649251580,510510******1580,Liam Andersson,08/28,674,5105107649251580=280820199616592,MASTERCARD,510510,2025-05-19
CARD000314,30569361085739,305693****5739,Sofia Okafor,08/28,814,30569361085739=280820176174224,DINERS,305693,2024-03-28
CARD000315,5555558649081085,555555******1085,Omar Wilson,09/27,179,5555558649081085=270920145491801,MASTERCARD,555555,2024-07-09
CARD000316,30569372260164,305693****0164,Camila Kowalski,06/29,779,30569372260164=290620145232194,DINERS,305693,2024-09-16
CARD000317,4242426800610278,424242******0278,Arjun Muller,12/30,974,4242426800610278=301220199564122,VISA,424242,2026-07-23
CARD000318,5555551030372361,555555******2361,Karen Dubois,02/28,727,5555551030372361=280220160122777,MASTERCARD,555555,2026-07-17
CARD000319,371449933496051,371449*****6051,Omar Wilson,02/27,7998,371449933496051=270220140767899,AMEX,371449,2024-09-11
CARD000320,371449308069582,371449*****9582,Fatima Andersson,05/27,7179,371449308069582=270520157602437,AMEX,371449,2025-08-19
CARD000321,371449383959723,371449*****9723,Priya Wilson,12/29,5729,371449383959723=291220134172232,AMEX,371449,2024-11-24
CARD000322,371449167433804,371449*****3804,Thomas Lopez,06/27,2280,371449167433804=270620115619318,AMEX,371449,2025-12-20
CARD000323,371449455084285,371449*****4285,Patricia Kim,12/27,7711,371449455084285=271220199180812,AMEX,371449,2024-10-30
CARD000324,4242423524787128,424242******7128,William Brown,06/29,376,4242423524787128=290620103754821,VISA,424242,2025-11-07
CARD000325,2223006532863267,222300******3267,Olivia Muller,07/30,850,2223006532863267=300720172081155,MASTERCARD,222300,2025-06-21
CARD000326,4111116060290840,411111******0840,Ava Muller,07/30,455,4111116060290840=300720104892673,VISA,411111,2025-01-26
CARD000327,3530119756341088,353011******1088,William Taylor,07/29,843,3530119756341088=290720118848520,JCB,353011,2026-07-09
CARD000328,6011119434681054,601111******1054,Lucas Lopez,11/29,101,6011119434681054=291120174907539,DISCOVER,601111,2025-01-04
CARD000329,30569389354497,305693****4497,Priya Taylor,12/28,315,30569389354497=281220189357126,DINERS,305693,2024-04-10
CARD000330,378282110627377,378282*****7377,Sofia Gonzalez,06/27,9886,378282110627377=270620149767762,AMEX,378282,2026-03-12
CARD000331,6011112772881378,601111******1378,David Moore,01/30,519,6011112772881378=300120161159408,DISCOVER,601111,2026-03-03
CARD000332,4242425454470229,424242******0229,Karen Andersson,01/30,432,4242425454470229=300120170185106,VISA,424242,2025-04-01
CARD000333,3530114975679228,353011******9228,Liam Jones,08/30,519,3530114975679228=300820196636580,JCB,353011,2024-09-19
CARD000334,371449412094815,371449*****4815,Sakura Moore,04/27,9098,371449412094815=270420137801820,AMEX,371449,2025-10-29
CARD000335,5555553971895699,555555******5699,Mary Hernandez,08/27,626,5555553971895699=270820108564111,MASTERCARD,555555,2025-01-29
CARD000336,4111114224124625,411111******4625,Chidi Garcia,10/27,004,4111114224124625=271020161526546,VISA,411111,2024-04-11
CARD000337,4242420339937880,424242******7880,Sarah Johnson,02/30,578,4242420339937880=300220161706304,VISA,424242,2025-01-16
CARD000338,3530111382496717,353011******6717,Yuki Moore,03/28,238,3530111382496717=280320168700794,JCB,353011,2024-10-07
CARD000339,4111110074946539,411111******6539,David Kowalski,01/29,891,4111110074946539=290120141612846,VISA,411111,2026-01-03
CARD000340,3530118554743552,353011******3552,Hiroshi Hernandez,08/28,020,3530118554743552=280820197002687,JCB,353011,2024-06-17
CARD000341,378282811807153,378282*****7153,Wei Gonzalez,10/30,2017,378282811807153=301020153703045,AMEX,378282,2026-01-22
CARD000342,4242429433750479,424242******0479,Richard Santos,01/28,614,4242429433750479=280120198728399,VISA,424242,2025-01-05
CARD000343,4111111921249382,411111******9382,Mary Singh,04/29,894,4111111921249382=290420187060566,VISA,411111,2025-10-30
CARD000344,4242428775803045,424242******3045,Liam Hernandez,09/30,063,4242428775803045=300920151903613,VISA,424242,2026-01-17
CARD000345,4111115411076098,411111******6098,Jessica Brown,05/29,735,4111115411076098=290520105831997,VISA,411111,2024-06-15
CARD000346,4242427911006513,424242******6513,Liam Johnson,01/28,496,4242427911006513=280120111080466,VISA,424242,2026-04-30
CARD000347,3530116399076766,353011******6766,Mary Anderson,06/27,859,3530116399076766=270620131109193,JCB,353011,2024-12-28
CARD000348,4111118456797230,411111******7230,Patricia Jones,01/28,496,4111118456797230=280120185498227,VISA,411111,2025-09-24
CARD000349,3530115450892038,353011******2038,Wei Miller,07/27,331,3530115450892038=270720153779599,JCB,353011,2025-08-28
CARD000350,3530114652170731,353011******0731,Joseph Singh,11/27,379,3530114652170731=271120133756362,JCB,353011,2024-04-13
CARD000351,4000005015081244,400000******1244,Camila Kim,04/30,500,4000005015081244=300420133423425,VISA,400000,2024-03-22
CARD000352,6011113230241023,601111******1023,Linda Hernandez,11/30,347,6011113230241023=301120135528961,DISCOVER,601111,2026-04-07
CARD000353,4111112338655963,411111******5963,Sakura Jackson,01/28,384,4111112338655963=280120125304289,VISA,411111,2025-03-24
CARD000354,5555551791286859,555555******6859,Olivia Garcia,09/30,558,5555551791286859=300920177749690,MASTERCARD,555555,2026-01-06
CARD000355,5555553736346699,555555******6699,Thomas Moore,06/28,121,5555553736346699=280620147853907,MASTERCARD,555555,2025-02-28
CARD000356,3530115677665753,353011******5753,Mary Garcia,07/29,734,3530115677665753=290720115148881,JCB,353011,2024-05-24
CARD000357,5105103111508359,510510******8359,Amara Rodriguez,11/28,443,5105103111508359=281120192840445,MASTERCARD,510510,2024-05-27
CARD000358,378282690782634,378282*****2634,Susan Thomas,12/28,3898,378282690782634=281220177515366,AMEX,378282,2026-01-04
CARD000359,371449780529244,371449*****9244,Wei Hernandez,08/27,3666,371449780529244=270820184590902,AMEX,371449,2026-03-02
CARD000360,2223009999663618,222300******3618,Noah Brown,04/30,597,2223009999663618=300420141218209,MASTERCARD,222300,2025-03-24
CARD000361,4000002316433489,400000******3489,Patricia Lopez,08/27,802,4000002316433489=270820156621286,VISA,400000,2025-04-04
CARD000362,4242426323467297,424242******7297,Richard Taylor,10/29,743,4242426323467297=291020102716938,VISA,424242,2025-09-04
CARD000363,3530117779014757,353011******4757,Sakura Santos,07/29,263,3530117779014757=290720129676291,JCB,353011,2025-06-30
CARD000364,4000003248413763,400000******3763,John Dubois,06/27,185,4000003248413763=270620167243807,VISA,400000,2026-07-10
CARD000365,4242427656360042,424242******0042,William Hernandez,12/27,777,4242427656360042=271220111837274,VISA,424242,2024-03-28
CARD000366,4111112091241860,411111******1860,James Nakamura,02/28,427,4111112091241860=280220152308370,VISA,411111,2024-04-02
CARD000367,30569381647096,305693****7096,Priya Dubois,01/27,335,30569381647096=270120133106005,DINERS,305693,2024-04-18
CARD000368,5555551312206816,555555******6816,Ava Okafor,06/29,393,5555551312206816=290620186613315,MASTERCARD,555555,2025-09-09
CARD000369,4111110650637312,411111******7312,Sakura Lopez,11/29,013,4111110650637312=291120164971892,VISA,411111,2025-11-22
CARD000370,4242429562525718,424242******5718,Hiroshi Kim,01/29,976,4242429562525718=290120183890309,VISA,424242,2024-06-20
CARD000371,4242424363910250,424242******0250,Richard Jones,05/30,630,4242424363910250=300520139752450,VISA,424242,2025-02-19
CARD000372,378282403553389,378282*****3389,Jessica Rossi,11/27,3968,378282403553389=271120152701713,AMEX,378282,2026-06-14
CARD000373,30569323212983,305693****2983,Lucas Williams,04/28,674,30569323212983=280420123362934,DINERS,305693,2025-10-18
CARD000374,3530117347156627,353011******6627,Omar Taylor,08/30,962,3530117347156627=300820170661498,JCB,353011,2026-03-03
CARD000375,6011112467474687,601111******4687,Amara Jones,02/30,732,6011112467474687=300220130085766,DISCOVER,601111,2025-06-28
CARD000376,2223006749160168,222300******0168,Omar Rodriguez,04/28,587,2223006749160168=280420150663370,MASTERCARD,222300,2024-04-26
CARD000377,2223000249724391,222300******4391,Linda Dubois,01/28,166,2223000249724391=280120191836264,MASTERCARD,222300,2024-08-28
CARD000378,5105108869461198,510510******1198,Sarah Kowalski,03/29,364,5105108869461198=290320102701168,MASTERCARD,510510,2025-06-06
CARD000379,30569346225228,305693****5228,Barbara Taylor,08/28,179,30569346225228=280820132302346,DINERS,305693,2025-05-12
CARD000380,30569391214168,305693****4168,John Hernandez,05/27,093,30569391214168=270520177100409,DINERS,305693,2024-05-20
CARD000381,4000001380698472,400000******8472,Hiroshi Wilson,06/30,555,4000001380698472=300620153566905,VISA,400000,2025-09-02
CARD000382,4242420762091841,424242******1841,Liam Martin,06/28,786,4242420762091841=280620130505057,VISA,424242,2025-12-10
CARD000383,3530117691567163,353011******7163,Richard Singh,10/29,289,3530117691567163=291020180271487,JCB,353011,2026-02-15
CARD000384,371449178333217,371449*****3217,Mary Garcia,07/27,5643,371449178333217=270720147128715,AMEX,371449,2025-12-20
CARD000385,3530119156686330,353011******6330,Charles Williams,02/29,115,3530119156686330=290220193195256,JCB,353011,2024-12-24
CARD000386,4000004098366556,400000******6556,Hiroshi Jackson,09/28,316,4000004098366556=280920108752437,VISA,400000,2024-09-09
CARD000387,371449294209549,371449*****9549,Mateus Thomas,05/27,3746,371449294209549=270520105233027,AMEX,371449,2024-07-23
CARD000388,378282420865675,378282*****5675,Arjun Williams,07/29,8443,378282420865675=290720186125904,AMEX,378282,2025-04-25
CARD000389,30569329277428,305693****7428,Richard Kowalski,04/28,059,30569329277428=280420112662015,DINERS,305693,2025-04-08
CARD000390,4111110185962631,411111******2631,Jessica Gonzalez,02/27,749,4111110185962631=270220126176475,VISA,411111,2026-07-26
CARD000391,4242421117830990,424242******0990,Michael Rossi,05/30,926,4242421117830990=300520176492151,VISA,424242,2024-08-06
CARD000392,6011112606888714,601111******8714,Linda Garcia,04/27,920,6011112606888714=270420187510293,DISCOVER,601111,2024-10-07
CARD000393,4111111840118452,411111******8452,James Davis,07/28,408,4111111840118452=280720148729758,VISA,411111,2025-08-11
CARD000394,3530118831030328,353011******0328,William Martin,04/29,839,3530118831030328=290420154296184,JCB,353011,2025-11-13
CARD000395,378282267146288,378282*****6288,Sarah Okafor,02/28,3598,378282267146288=280220192625660,AMEX,378282,2024-11-26
CARD000396,5555551418186151,555555******6151,Amara Dubois,06/27,423,5555551418186151=270620140163611,MASTERCARD,555555,2026-02-08
CARD000397,6011114971859486,601111******9486,Michael Andersson,10/29,025,6011114971859486=291020162588967,DISCOVER,601111,2024-12-08
CARD000398,4111114082226942,411111******6942,Yuki Singh,12/27,396,4111114082226942=271220172757844,VISA,411111,2025-05-25
CARD000399,6011113414651112,601111******1112,David Jackson,02/28,014,6011113414651112=280220187068277,DISCOVER,601111,2025-02-25
CARD000400,30569381609302,305693****9302,Ethan Kowalski,12/30,538,30569381609302=301220190972832,DINERS,305693,2026-05-22
